<?xml version="1.0" encoding="UTF-8"?>
<!DOCTYPE mapper PUBLIC "-//mybatis.org//DTD Mapper 3.0//EN" "http://mybatis.org/dtd/mybatis-3-mapper.dtd" >
<mapper namespace="member">
	<resultMap id="memberMap" type="member" >
			<id property="memberId" column="MEMBER_ID"/>
			<result property="memberNickname" column="MEMBER_NICKNAME"/>
			<result property="memberImage" column="MEMBER_IMAGE"/>
			<result property="memberCategory" column="MEMBER_CATEGORY"/>
			<result property="memberEmail" column="MEMBER_EMAIL"/>
			<result property="memberEnrolldate" column="MEMBER_ENROLLDATE"/>
			<result property="memberStatus" column="MEMBER_STATUS"/>
	</resultMap>
	
	<select id="selectByEmail" parameterType="string" resultType="member">
		SELECT * FROM MEMBER WHERE MEMBER_EMAIL='ert246@naver.com'
	</select>
	<insert id="insertMember" parameterType="member">
		INSERT INTO MEMBER VALUES(SEQ_MEMBER_NO.NEXTVAL,#{memberNickname},#{memberImage},#{memberCategory},#{memberEmail},SYSDATE,DEFAULT)
	</insert>
</mapper>
